E,j
0.0579771959265553,18.854365284308983
0.058648083149981101,20.316123600774521
0.058648083149981101,28.826339328854036
0.059318970373406901,29.797516119137185
0.059318970373406901,34.423050291883897
0.059989857596832501,34.903645555984781
0.059989857596832501,38.307731847216814
0.060660744820258197,38.808325241280158
0.060660744820258197,40.75065321604643
0.061331632043683998,41.000821884077141
0.061331632043683998,42.462580200542561
0.061974565632800502,42.702762606492122
0.061974565632800502,43.433628961824873
0.066669925433997301,43.675603773788907
0.070668031514752302,-51.706053212047209
0.0706681459030256,-52.681762228967273
0.071337324451617695,43.437213773853841
0.072679113197003195,43.437213773853841
0.072679113197003195,43.186789047821208
0.074663856979306498,43.186789047821208
0.075334744202732506,42.94660664187154
0.0773474344700779,42.94660664187154
0.0773474344700779,42.706424235921993
0.077990368059194196,42.706424235921993
0.078661255282619996,42.466241829972319
0.080003044028005704,42.466241829972319
0.080003044028005704,42.216073161941722
0.087327003456076205,42.216073161941722
0.087327003456076205,42.466241829972319
0.088668799350729105,42.466241829972319
0.088668799350729105,42.706424235921993
0.0899826416110725,42.706424235921993
0.090653528834497996,42.94660664187154
0.091995324729150896,42.94660664187154
0.092666211952576696,43.186789047821208
0.093337099176002303,43.186789047821208
0.093337099176002303,43.437213773853841
0.094678887921388205,43.437213773853841
0.094678887921388205,43.677396179803402
0.095321821510504195,43.677396179803402
0.095321821510504195,43.917578585753063
0.095992708733929996,43.917578585753063
0.095992708733929996,44.16800331178581
0.096663595957356005,44.16800331178581
0.096663595957356005,44.408185717735478
0.097334483180781597,44.408185717735478
0.097334483180781597,44.898767243917518
0.098005370404207398,44.898767243917518
0.098005370404207398,45.37936250801863
0.098648303993323694,45.37936250801863
0.098648303993323694,45.619544913968298
0.099319191216749397,45.619544913968298
0.099319191216749397,46.110126440150452
0.099990078440175198,46.110126440150452
0.099990078440175198,46.35030884610012
0.100660965663601,46.35030884610012
0.100660965663601,46.600477514130723
0.1013318528870266,46.600477514130723
0.1013318528870266,47.081072778231714
0.1020027401104526,47.081072778231714
0.1020027401104526,47.321255184181268
0.1026456736995689,47.571423852211979
0.1026456736995689,48.05199351051283
0.1033165609229944,48.05199351051283
0.1033165609229944,48.542575036695098
0.1039874481464204,48.542575036695098
0.1039874481464204,49.033182168677399
0.1046583353698462,49.033182168677399
0.1046583353698462,49.51375182697825
0.10532922259327181,49.51375182697825
0.10532922259327181,50.004333353160519
0.1060001098166973,50.004333353160519
0.1060001098166973,50.484903011461483
0.1066709970401231,50.484903011461483
0.1066709970401231,50.735327737494117
0.10731393062923961,50.975510143443785
0.10798481785266539,51.215692549393339
0.10798481785266539,51.4661172754262
0.108655705076091,51.4661172754262
0.108655705076091,51.706299681375761
0.10932659229951699,51.946482087325307
0.10932659229951699,52.437089219307609
0.1099974795229425,52.437089219307609
0.1099974795229425,53.408240403790842
0.1106683667463683,53.408240403790842
0.1106683667463683,54.869998720256262
0.1113113003354846,55.110181126205816
0.1113113003354846,56.321642745639451
0.1119821875589106,56.572067471672369
0.1119821875589106,57.783529091105997
0.1126530747823362,58.033953817138872
0.1126530747823362,59.005105001621928
0.113323962005762,59.245543465573753
0.113323962005762,60.456979479207291
0.1139948492291875,60.707404205239982
0.1139948492291875,61.678580995523305
0.11466573645261351,61.918763401472859
0.11466573645261351,62.889940191756182
0.11533662367603929,63.140364917788872
0.11533662367603929,64.60212323425435
0.1159795572651556,64.842305640204017
0.1159795572651556,66.304063956669438
0.1166504444885812,66.544246362618992
0.1166504444885812,68.246289508234895
0.1173213317120069,68.496714234267756
0.1173213317120069,69.708150247901301
0.1179922189354327,70.198757379883659
0.1179922189354327,71.650503828467834
0.1186631061588585,71.900672496498373
0.1186631061588585,73.352418945082547
0.11933399338228411,73.602587613113201
0.11933399338228411,75.304630758729161
0.1199769269714006,75.544813164678658
0.1199769269714006,77.737437836476715
0.1206478141948264,78.21800749477768
0.1206478141948264,80.901239298558039
0.12131870141825191,81.141421704507763
0.12131870141825191,84.054926469557358
0.1219895886416779,84.54550799573957
0.1219895886416779,87.218702325838422
0.1226604758651037,87.469127051871283
0.1226604758651037,90.382606211120617
0.12333136308852929,90.873213343102975
0.12333136308852929,93.796704370233556
0.1240022503119551,94.287285896415824
0.1240022503119551,97.200790661465419
0.1246451839010716,97.691372187647687
0.1246451839010716,100.60487695269728
0.12531607112449711,101.33576891383012
0.12531607112449711,104.01897511181041
0.12598695834792289,104.4995447701112
0.12598695834792289,107.90363106134303
0.12665784557134871,108.39423819332541
0.12665784557134871,111.06743252342444
0.1273287327947745,111.7983244845571
0.1273287327947745,114.72181551168784
0.12799962001820009,115.2023851699887
0.12799962001820009,118.3661866320702
0.12867050724162579,118.85679376405244
0.12867050724162579,121.77027292330187
0.12931344083074209,122.02069764933458
0.12931344083074209,124.20333605905159
0.1299843280541681,124.45376078508428
0.1299843280541681,125.90550723366856
0.13065521527759369,125.90550723366856
0.13065521527759369,126.63637358900117
0.1313273679212934,126.88559484242484
0.13199825514471919,126.88559484242484
0.13199825514471919,126.15472848709209
0.13266914236814489,125.90455981906156
0.13266914236814489,124.69309819962774
0.13331207595726119,124.4529157936782
0.13331207595726119,122.01998068692944
0.133982963180687,121.7695559608967
0.133982963180687,118.61576636669668
0.13465385040411279,118.12518484051439
0.13465385040411279,114.72109854928254
0.1353247376275386,114.23051702310032
0.1353247376275386,111.06671556101897
0.13599562485096409,110.34586107356751
0.13599562485096409,106.93176291445452
0.1366665120743899,106.45116765035344
0.1366665120743899,103.52767662322282
0.13733739929781569,103.03706949124046
0.13733739929781569,99.633008805808856
0.13798033288693221,98.902116844676016
0.13798033288693221,95.257745724293713
0.1386512201103578,94.767164198111558
0.1386512201103578,90.872496380697683
0.1393221073337835,90.38188924871524
0.1393221073337835,86.737518128332965
0.13999299455720909,86.246936602150697
0.13999299455720909,83.333534260301178
0.14063592814632561,82.842952734119081
0.14063592814632561,79.919436101188069
0.14133476900406089,79.438866442887218
0.14133476900406089,76.765672112788252
0.14197770259317721,76.275064980805894
0.14197770259317721,74.082440309007836
0.14197868204276839,-73.127327944128638
0.142648589816603,73.601870650707042
0.142648589816603,71.649530808059467
0.14331947704002879,71.409348402109799
0.14331947704002879,69.947590085644379
0.1439903642634543,69.707407679694825
0.1439903642634543,68.005364534078922
0.14466125148688011,67.765182128129254
0.14466125148688011,66.543734246614576
0.1453041850759966,66.303551840665023
0.1453041850759966,65.082078353349914
0.14597507229942219,64.84189594740036
0.14597507229942219,63.380137630934939
0.1466459595228479,63.139955224985272
0.1466459595228479,61.678196908519794
0.14731684674627349,61.438014502570297
0.14731684674627349,60.216541015255189
0.1479877339696995,59.976358609305642
0.1479877339696995,59.005181819022312
0.14865862119312531,59.005181819022312
0.14865862119312531,58.034030634539249
0.1493295084165509,58.034030634539249
0.1493295084165509,57.303138673406409
0.15000039563997669,57.303138673406409
0.15000039563997669,56.812557147224311
0.1506433292290931,56.812557147224311
0.1506433292290931,56.321975621042043
0.15131421645251869,56.321975621042043
0.15131421645251869,56.081793215092375
0.15198510367594451,56.081793215092375
0.15198510367594451,55.841610809142821
0.15265599089937029,55.601428403193268
0.15332687812279611,55.351003677160406
0.15396981171191229,55.110821271210966
0.15464069893533791,55.110821271210966
0.15464069893533791,54.870638865261412
0.15531158615876389,54.870638865261412
0.15531158615876389,54.620470197230702
0.15598247338218971,54.620470197230702
0.15598247338218971,54.380287791281148
0.1566533606056153,54.380287791281148
0.1566533606056153,54.140105385331481
0.15796720286595861,54.140105385331481
0.15796720286595861,53.889680659298733
0.1586380900893844,53.889680659298733
0.1586380900893844,53.649242195346922
0.15930897731281021,53.649242195346922
0.15930897731281021,53.409059789397361
0.159979864536236,53.409059789397361
0.159979864536236,53.168877383447921
0.16065075175966179,52.91870871541721
0.16065075175966179,52.678526309467657
0.1613216389830873,52.678526309467657
0.1613216389830873,52.438343903517989
0.1620204798408226,52.187919177485242
0.1620204798408226,51.947736771535688
0.1626634134299389,51.947736771535688
0.1626634134299389,51.70755436558602
0.16467611084655151,51.70755436558602
0.16467611084655151,51.947736771535688
0.1653469980699773,51.947736771535688
0.1653469980699773,52.187919177485242
0.16601788529340311,52.187919177485242
0.16601788529340311,52.438343903517989
0.1666608188825193,52.187919177485242
0.16733170610594539,52.187919177485242
0.16733170610594539,51.947736771535688
0.1680025933293709,51.70755436558602
0.1680025933293709,51.46737195963658
0.16867348055279671,51.46737195963658
0.16867348055279671,51.216947233603719
0.1693443677762223,51.216947233603719
0.1693443677762223,50.976764827654165
0.17001525499964831,50.976764827654165
0.17001525499964831,50.48615769567175
0.1706861422230741,50.48615769567175
0.1706861422230741,50.245975289722203
0.17132907581219009,50.245975289722203
0.17132907581219009,50.005792883772529
0.1719999630356159,50.005792883772529
0.1719999630356159,49.755368157739895
0.1746835476756545,49.755368157739895
0.1746835476756545,50.245949683922163
0.17532648126477079,50.245949683922163
0.17532648126477079,50.486132089871603
0.1759973684881963,50.736556815904464
0.1759973684881963,50.976739221854018
0.17666825571162231,50.976739221854018
0.17666825571162231,51.216921627803572
0.17733914293504791,51.216921627803572
0.17733914293504791,50.976739221854018
0.17868093882970079,50.976739221854018
0.17868093882970079,50.736556815904464
0.1806656754627369,50.736556815904464
0.1806656754627369,50.976739221854018
0.18200747135738959,50.976739221854018
0.18200747135738959,51.216921627803572
0.1826783585808153,51.216921627803572
0.1826783585808153,51.467346353836433
0.18334924580424111,51.467346353836433
0.18334924580424111,51.707528759785987
0.18667577833193011,51.707528759785987
0.18667577833193011,51.947711165735427
0.1873466655553557,51.947711165735427
0.1873466655553557,52.187893571685095
0.18798959914447219,52.438318297717842
0.18798959914447219,52.67850070366751
0.18866048636789801,52.67850070366751
0.18866048636789801,53.169082229849778
0.18933137359132349,53.169082229849778
0.18933137359132349,53.409264635799332
0.1900022608147493,53.409264635799332
0.1900022608147493,53.649447041748886
0.19067314803817509,53.649447041748886
0.19067449924965449,53.885609337066171
0.1920162879950402,53.885609337066171
0.1920162879950402,54.136034063098805
0.19333013025538359,54.136034063098805
0.19333013025538359,54.376216469048472
0.19534282052272919,54.376216469048472
0.19534282052272919,54.616398874998026
0.19665666278307231,54.616398874998026
0.19665666278307231,54.866567543028623
0.2000111489450706,54.866567543028623
0.2000111489450706,55.10674994897829
0.20068203616849639,55.10674994897829
0.20068203616849639,55.346932354927837
0.20132496975761291,55.346932354927837
0.20132496975761291,55.597357080960592
0.2019958569810387,55.597357080960592
0.2019958569810387,55.837539486910153
0.2040085472483841,55.837539486910153
0.2040085472483841,55.597357080960592
0.20467943447180989,55.597357080960592
0.20467943447180989,55.346932354927837
0.20532236806092641,55.346932354927837
0.20599325528435189,55.10674994897829
0.20599325528435189,54.866567543028623
0.2066641425077777,54.866567543028623
0.2066641425077777,54.616398874998026
0.2073350297312033,54.616398874998026
0.2073350297312033,54.376216469048472
0.20800591695462931,54.376216469048472
0.20800591695462931,54.136034063098805
0.2086768041780549,53.885609337066171
0.2086768041780549,53.645170873114353
0.20931973776717111,53.645170873114353
0.20931973776717111,53.164601214813501
0.2099906249905969,53.164601214813501
0.2099906249905969,52.914432546782791
0.21066151221402271,52.674250140833237
0.21066151221402271,52.43406773488357
0.2113323994374485,52.183643008850936
0.2113323994374485,51.703073350549971
0.21200328666087431,51.703073350549971
0.21200328666087431,50.972206995217327
0.21267417388429979,50.972206995217327
0.21267417388429979,50.241315034084437
0.21331710747341609,50.241315034084437
0.21331710747341609,49.510448678751921
0.2139879946968419,49.270266272802246
0.2139879946968419,48.539374311669349
0.21465888192026769,48.539374311669349
0.21465888192026769,47.808507956336825
0.2153297691436937,47.568325550387272
0.2153297691436937,47.077744024205003
0.21600065636711929,46.837305560253192
0.21600065636711929,46.106439204920548
0.2166715435905448,46.106439204920548
0.2166715435905448,45.61585767873828
0.21734243081397059,45.37567527278884
0.21734243081397059,44.644783311655942
0.21798536440308711,44.644783311655942
0.21798536440308711,43.913916956323192
0.21865625162651289,43.673734550373638
0.21865625162651289,42.702557760090485
0.2193271388499384,42.462375354140818
0.2193271388499384,41.481186695976362
0.21999802607336419,41.481186695976362
0.21999802607336419,40.510035511493129
0.22066891329679,40.269853105543575
0.22066891329679,39.538961144410678
0.22133980052021579,39.298778738461237
0.22133980052021579,38.307603818215512
0.22198273410933211,38.067165354263921
0.22198273410933211,37.096014169780688
0.2226536213327579,37.096014169780688
0.2226536213327579,35.884552550346939
0.22332450855618341,35.884552550346939
0.22332450855618341,34.663079063031887
0.2239953957796092,34.422896657082333
0.2239953957796092,33.451745472599328
0.22466628300303501,33.201320746566466
0.22466628300303501,32.470428785433683
0.2253371702264608,32.230246379484015
0.2253371702264608,31.739664853301861
0.22598010381557709,31.739664853301861
0.22598010381557709,31.259095195001009
0.2266509910390026,31.259095195001009
0.2266509910390026,30.768488063018594
0.22732187826242839,30.528305657069041
0.22732187826242839,30.288123251119373
0.2279927654858544,30.288123251119373
0.2279927654858544,29.55725689578685
0.22866365270928021,29.55725689578685
0.22866365270928021,29.066649763804435
0.22933453993270581,28.826467357854767
0.22933453993270581,28.09560100252213
0.23000542715613129,28.09560100252213
0.23000542715613129,27.364709041389347
0.2306483607452478,27.124526635439796
0.2306483607452478,26.633945109257525
0.23131924796867359,26.393762703307971
0.23131924796867359,25.662870742175187
0.23199013519209941,25.662870742175187
0.23199013519209941,25.172289215992919
0.232661022415525,24.932106810043365
0.232661022415525,24.4515371517424
0.2333319096389507,24.4515371517424
0.2333319096389507,23.960930019759985
0.23400279686237649,23.960930019759985
0.23400279686237649,23.720747613810545
0.2346736840858023,23.470322887777684
0.2346736840858023,23.23014048182813
0.23531661767491879,23.23014048182813
0.23531661767491879,22.989958075878576
0.23598750489834441,22.749775669928908
0.23598750489834441,22.499350943896161
0.23665839212176989,22.499350943896161
0.23665839212176989,22.018755679795163
0.23732927934519571,22.018755679795163
0.23732927934519571,21.528174153612891
0.23800016656862169,21.528174153612891
0.23800016656862169,21.287991747663341
0.23867105379204731,21.037567021630597
0.23867105379204731,20.797384615680929
0.23931398738116361,20.797384615680929
0.23931398738116361,20.316789351579928
0.23998487460458939,20.316789351579928
0.23998487460458939,20.06636462554718
0.2406557618280151,20.06636462554718
0.2406557618280151,19.826182219597623
0.24199755772266779,19.826182219597623
0.24199755772266779,19.585999813647959
0.2426684449460936,19.585999813647959
0.2426684449460936,19.335831145617359
0.24333933216951939,19.335831145617359
0.24333933216951939,19.095648739667691
0.2439822657586356,19.095648739667691
0.2439822657586356,18.855210275716104
0.24465315298206139,18.855210275716104
0.24465315298206139,18.605041607685507
0.2453240402054872,18.605041607685507
0.2453240402054872,18.36485920173584
0.2459949274289128,18.36485920173584
0.2459949274289128,18.124676795786289
0.24666581465233861,18.124676795786289
0.24666581465233861,17.884494389836618
0.2473367018757644,17.884494389836618
0.2473367018757644,17.634069663803871
0.24797963546488089,17.634069663803871
0.24797963546488089,17.393887257854431
0.2486505226883064,17.393887257854431
0.2486505226883064,17.143462531821569
0.24932140991173199,17.143462531821569
0.24932140991173199,16.903280125872016
0.249992297135158,16.903280125872016
0.249992297135158,16.663097719922348
0.25066318435858381,16.663097719922348
0.25066318435858381,16.422915313972794
0.2513348008072524,16.418536722135741
0.2513348008072524,16.178354316186187
0.25197773439636872,15.92792959015344
0.25264862161979451,15.687747184203772
0.25331950884322008,15.437322458171138
0.25533219911056593,14.716467970719693
0.25600308633399149,14.466043244686944
0.2566460199231077,14.225860838737276
0.25731690714653349,13.985678432787722
0.25798779436995928,13.735509764757239
0.25932959026461222,13.254914500656128
0.25997252385372821,13.004745832625533
0.26067136471146352,13.004745832625533
0.26067136471146352,12.764563426675863
0.26131429830058001,12.764563426675863
0.26131429830058001,12.52438102072631
0.26201313915831509,12.52438102072631
0.26201313915831509,12.284198614776642
0.26265607274743141,12.284198614776642
0.26265607274743141,12.033773888744008
0.26332695997085698,12.033773888744008
0.26332695997085698,11.793591482794454
0.26399784719428271,11.793591482794454
0.26399784719428271,11.553409076844789
0.26466873441770877,11.553409076844789
0.26533962164113428,11.302984350812039
0.26601050886456012,11.062801944862372
0.26668139608798569,11.062801944862372
0.26668139608798569,10.822619538912818
0.26732432967710218,10.822619538912818
0.26732432967710218,10.572194812879957
0.26799521690052791,10.572194812879957
0.26799521690052791,10.332012406930517
0.26933701279518057,10.332012406930517
0.26933701279518057,10.091830000980964
0.27000790001860642,10.091830000980964
0.2706787872420322,9.8516475950312952
0.27134967446545799,9.8516475950312952
0.27134967446545799,9.6012228689985477
0.27266350957653418,9.6012228689985477
0.27266350957653418,9.3610404630488802
0.27333439679995991,9.3610404630488802
0.27333439679995991,9.1208580570993263
0.27467619269461258,9.1208580570993263
0.27467619269461258,8.8704333310666925
0.27601798143999828,8.8704333310666925
0.27601798143999828,8.630250925117025
0.27733182370034187,8.630250925117025
0.27733182370034187,8.3900685191674711
0.27800271092376749,8.3900685191674711
0.27800271092376749,8.13964379313461
0.27934450681842038,8.13964379313461
0.27934450681842038,7.8994613871850561
0.28132950797433848,7.8994613871850561
0.28132950797433848,7.6592789812355022
0.2826713038689912,7.6592789812355022
0.2826713038689912,7.4190965752858347
0.28401309976364408,7.4190965752858347
0.28401309976364408,7.1689279072553518
0.28599783639668019,7.1689279072553518
0.28599783639668019,6.9287455013055705
0.28801052666402582,6.9287455013055705
0.28801052666402582,6.6883070373539804
0.28999526329706188,6.6883070373539804
0.29066615052048789,6.4381383693233829
0.29133703774391351,6.4381383693233829
0.29133703774391351,6.1979559633737153
0.29332177437694962,6.1979559633737153
0.29332177437694962,5.9577735574241615
0.29533446464429519,5.9577735574241615
0.29600535186772081,5.7175911514744939
0.29799008850075709,5.7175911514744939
0.2986609757241831,5.4671664254417465
0.30131660672991178,5.4671664254417465
0.30131660672991178,5.2269840194923063
0.30332929699725741,5.2269840194923063
0.3040001842206832,4.9868016135426387
0.30598492800298649,4.9868016135426387
0.30598492800298649,4.7363768875098913
0.30866851264302481,4.7363768875098913
0.30866851264302481,4.4961944815602237
0.31065324927606092,4.4961944815602237
0.31132239207831702,4.4939667769410789
0.31132239207831702,4.2537843709915251
0.313978030233313,4.2537843709915251
0.313978030233313,4.0033596449587776
0.3193172530283474,4.0033596449587776
0.3193172530283474,3.7631772390092242
0.322000837668386,3.7631772390092242
0.322000837668386,3.5229948330595562
0.32666916609072771,3.5229948330595562
0.3273120996798442,3.2828124271100023
0.33198042810218559,3.2828124271100023
0.33198042810218559,3.0323877010771412
0.3399770906675228,3.0323877010771412
0.3399770906675228,2.7922052951275877
0.3446454190898644,2.7922052951275877
0.34531630631329002,2.552022889178033
0.35532385038139908,2.552022889178033
0.35532385038139908,2.301598163145286
0.3706706243938096,2.301598163145286
0.42199246034215099,2.3012140761420601
0.42199246034215099,2.5516388021746934
0.43065820851560738,2.5516388021746934
0.4399948653602907,2.5516131963745465
0.4399948653602907,2.7917956023241004
0.4606529013841591,2.7917956023241004
0.4606529013841591,3.031978008273768
0.47865528495449761,3.031978008273768
0.47865528495449761,3.2824027343065154
0.49067556218555469,3.2824027343065154
0.49400268810241171,3.2827100039091874
0.49400268810241171,3.5228924098587413
0.49598739613837961,3.5228924098587413
0.49665799739112182,3.2827100039091874
0.49867073055407007,3.2827100039091874
0.49867073055407007,3.5228924098587413
0.51664513189303074,3.5228924098587413
0.51731573314577273,3.7630748158082952
0.52198406156811461,3.7630748158082952
0.52198406156811461,3.5228924098587413
0.52732327721388206,3.5228924098587413
0.52732327721388206,3.7630748158082952
0.53733082128199117,3.7630748158082952
0.53733082128199117,4.0032572217579627
0.5393156008106299,4.0032572217579627
0.5393156008106299,3.7630748158082952
0.54996607846785528,3.7630748158082952
0.5506654912669573,3.7633564796107062
0.5506654912669573,4.0035388855603742
0.57135146662660108,4.0035388855602605
0.57135146662660108,4.2539636115928943
0.57333624615523981,4.2539636115928943
0.57333624615523981,4.0035388855602605
0.57534890782551718,4.0035388855602605
0.57534890782551718,4.2539636115928943
0.59667788826694812,4.2539636115928943
0.59667788826694812,4.4941460175426764
0.59933348352634175,4.4941460175426764
0.59933348352634175,4.2539636115928943
0.60134614519661889,4.2539636115928943
0.60134614519661889,4.4941460175426764
0.61001191481787642,4.4941460175426764
0.61199669434651538,4.4948373741485739
0.61199669434651538,4.7350197800980141
0.62264717200374076,4.7350197800980141
0.62264717200374076,4.9854445061307615
0.6273155004260822,4.9854445061307615
0.6273155004260822,5.2256269120804291
0.63265471607184964,5.2256269120804291
0.63265471607184964,5.4658093180299829
0.63997863975358471,5.4658093180299829
0.64064995593303586,5.7162340440628441
0.64464732563928084,5.7162340440628441
0.64464732563928084,5.9564164500123979
0.64598917157880331,5.9564164500123979
0.64598917157880331,6.1965988559618381
0.65465486970738995,6.1965988559618381
0.65465486970738995,6.4367812619116194
0.65599671564691242,6.4367812619116194
0.65599671564691242,6.6869499299421022
0.66066504406925408,6.6869499299421022
0.66066504406925408,6.9273883938939207
0.66466241377549906,6.9273883938939207
0.66466241377549906,7.1675707998434746
0.66667514693844709,7.1675707998434746
0.66667514693844709,7.4177394678741848
0.67000162942126651,7.4177394678741848
0.67067408948345064,7.4197367202912119
0.67067408948345064,7.6599191262407658
0.67332968474284449,7.6599191262407658
0.67332968474284449,7.9001015321904333
0.67732712594176014,7.9001015321904333
0.67732712594176014,8.1402839381399872
0.67933978761203773,8.1402839381399872
0.67933978761203773,8.3907086641728483
0.68132456714067624,8.3907086641728483
0.68132456714067624,8.6308910701224022
0.68400811603437917,8.6308910701224022
0.68400811603437917,8.8710734760719561
0.68666378278644369,8.8710734760719561
0.68666378278644369,9.1214982021047035
0.68867644445672083,9.1214982021047035
0.68934704570946326,9.3616806080542556
0.69133182523810199,9.3616806080542556
0.69133182523810199,9.6018630140038113
0.69398742049749584,9.6018630140038113
0.69465802175023783,9.8522877400366724
0.69801252936003721,9.8522877400366724
0.69801252936003721,10.092470145986226
0.69865524847114124,10.092470145986226
0.69865524847114124,10.332652551935894
0.69999709441066349,10.332652551935894
0.69999709441066349,10.572834957885448
0.70066769566340548,10.572834957885448
0.70066769566340548,10.823259683918195
0.70332329092279933,10.823259683918195
0.70332329092279933,11.063442089867747
0.70533602408574758,11.063442089867747
0.70533602408574758,11.303624495817305
0.70866250656856677,11.303624495817305
0.70866250656856677,11.554049221850164
0.71000435250808902,11.554049221850164
0.71000435250808902,11.794231627799718
0.7113181733206313,11.794231627799718
0.7113181733206313,12.034414033749384
0.71265994776748309,12.034414033749384
0.71265994776748309,12.284838759782019
0.71598650174297296,12.284838759782019
0.71665710299571539,12.525021165731571
0.71799887744256652,12.525021165731571
0.71799887744256652,12.765203571681241
0.72065454419463104,12.765203571681241
0.72065454419463104,13.005385977630796
0.72132514544737347,13.005385977630796
0.72132514544737347,13.255554645661505
0.72266691989422482,13.255554645661505
0.72266691989422482,13.49573705161106
0.72330963900532885,13.49573705161106
0.72330963900532885,13.736175515562763
0.72733503383855402,13.736175515562763
0.72733503383855402,13.986344183593474
0.72931981336719276,13.986344183593474
0.72931981336719276,14.226526589542914
0.73000035210118663,14.230162613174116
0.73067095335392884,14.47034501912367
0.7319847741664709,14.47034501912367
0.73265537541921288,14.720769745156415
0.73399722135873535,14.720769745156415
0.73399722135873535,14.960952151106085
0.73533899580558693,14.960952151106085
0.73533899580558693,15.20113455705564
0.7366528166181292,15.20113455705564
0.7366528166181292,15.441316963005306
0.73933643700450302,15.441316963005306
0.73933643700450302,15.69174168903794
0.74132114504047064,15.69174168903794
0.74132114504047064,15.931924094987494
0.74266291948732244,15.931924094987494
0.74266291948732244,16.182348821020355
0.74400476542684468,16.182348821020355
0.74400476542684468,16.422531226969909
0.74598947346281275,16.422531226969909
0.74666007471555473,16.662713632919576
0.74733067596829716,16.662713632919576
0.74733067596829716,16.90289603886913
0.74800127722103915,16.90289603886913
0.74800127722103915,17.143078444818684
0.74867259340049008,17.143078444818684
0.74867259340049008,17.393503170851432
0.74998641421303236,17.393503170851432
0.74998641421303236,17.633685576800985
0.75132818865988349,17.633685576800985
0.75132818865988349,17.884110302833847
0.75398385541194801,17.884110302833847
0.75465445666469044,18.1242927087834
0.75532505791743265,18.1242927087834
0.75532505791743265,18.364475114733068
0.75599565917017464,18.364475114733068
0.75599565917017464,18.604657520682625
0.75733743361702621,18.604657520682625
0.75733743361702621,18.854826188713105
0.75932221314566495,18.854826188713105
0.75932221314566495,19.09526465266504
0.75999281439840738,19.09526465266504
0.75999281439840738,19.335447058614481
0.76069129779278821,19.335447058614481
0.76069129779278821,19.585615726645187
0.7613618990455302,19.585615726645187
0.7613618990455302,19.825798132594741
0.76203250029827219,19.825798132594741
0.76203250029827219,20.065980538544292
0.76267521940937621,20.065980538544292
0.76267521940937621,20.31640526457716
0.76468795257232447,20.31640526457716
0.76468795257232447,20.5565876705266
0.76535855382506646,20.5565876705266
0.76602915507780844,20.796770076476378
0.76667187418891247,20.796770076476378
0.76667187418891247,21.036952482425814
0.76734247544165446,21.036952482425814
0.76734247544165446,21.287377208458565
0.76868432138117693,21.287377208458565
0.76868432138117693,21.527559614408236
0.76935492263391891,21.527559614408236
0.76935492263391891,21.767742020357787
0.77069669708077049,21.767742020357787
0.77069669708077049,22.018166746390648
0.77133941619187407,22.018166746390648
0.77133941619187407,22.258349152340202
0.77201001744461673,22.258349152340202
0.77201001744461673,22.498531558289638
0.77268061869735871,22.498531558289638
0.77268061869735871,22.748956284322503
0.77335193487680964,22.748956284322503
0.77335193487680964,22.989138690272057
0.77402253612955163,22.989138690272057
0.77402253612955163,23.229321096221724
0.77466525524065566,23.229321096221724
0.77466525524065566,23.469503502171278
0.77600702968750679,23.469503502171278
0.77667763094024922,23.719928228204139
0.77801947687977169,23.719928228204139
0.77801947687977169,23.960110634153693
0.77866219599087527,23.960110634153693
0.77866219599087527,24.200293040103134
0.77933279724361726,24.200293040103134
0.78000339849635969,24.450717766135995
0.78067399974910168,24.450717766135995
0.78067399974910168,24.690900172085549
0.78134460100184389,24.690900172085549
0.78134460100184389,24.931082578035216
0.78201520225458632,24.931082578035216
0.7826858035073283,25.17126498398477
0.78399969581254147,25.17126498398477
0.78399969581254147,25.421433652015367
0.78534147025939283,25.421433652015367
0.78534147025939283,25.661616057965038
0.78732617829536089,25.661616057965038
0.78732617829536089,25.902054521916739
0.78866802423488314,25.902054521916739
0.78866802423488314,26.152223189947332
0.78933862548762512,26.152223189947332
0.79001852078758139,26.155039827971336
0.79001852078758139,26.395222233921004
0.7933450747630717,26.395222233921004
0.7933450747630717,26.635404639870561
0.79535773643334884,26.635404639870561
0.79535773643334884,26.885829365903305
0.79734251596198735,26.885829365903305
0.79734251596198735,27.126011771852859
0.8106765425129161,27.126011771852859
0.8106765425129161,26.885829365903305
0.81268927567586413,26.885829365903305
0.81268927567586413,26.635404639870561
0.81467398371183175,26.635404639870561
0.81467398371183175,26.885829365903305
0.81534458496457418,26.885829365903305
0.81534458496457418,27.126011771852859
0.81732936449321292,27.126011771852859
0.81732936449321292,26.885829365903305
0.82666594984522535,26.885829365903305
0.82666594984522535,27.126011771852859
0.82800779578474781,27.126011771852859
0.82800779578474781,27.366194177802413
0.83200523698366391,27.366194177802413
0.8326758382364059,27.60637658375208
0.83398965904894817,27.60637658375208
0.83398965904894817,27.856801309784828
0.83932887469471562,27.856801309784828
0.83932887469471562,28.096983715734492
0.84134153636499298,28.096983715734492
0.84134153636499298,28.337166121684049
0.84265542867020593,28.337166121684049
0.84265542867020593,28.587590847716911
0.84466809034048285,28.587590847716911
0.84466809034048285,28.827773253666351
0.8466808235034311,28.827773253666351
0.8466808235034311,29.067955659615905
0.84866553153939916,29.067955659615905
0.85000523269879347,29.067648390013801
0.85000523269879347,29.307830795963355
0.8506758339515359,29.307830795963355
0.8506758339515359,29.558255521996216
0.85198972625674885,29.558255521996216
0.85198972625674885,29.79843792794577
0.85531620873956848,29.79843792794577
0.85598680999231047,30.038620333895441
0.85799954315525873,30.038620333895441
0.85867014440800071,30.289045059928071
0.85998396522054299,30.289045059928071
0.86068244861492382,30.529227465877625
0.86135376479437475,30.529227465877625
0.86135376479437475,30.769409871827293
0.8633384728303426,30.769409871827293
0.8633384728303426,31.019578539857889
0.86468024727719395,31.019578539857889
0.86468024727719395,31.260017003809708
0.86535084852993638,31.260017003809708
0.86599356764103996,31.500199409759261
0.86666416889378195,31.500199409759261
0.86666416889378195,31.740381815708702
0.86800594334063352,31.740381815708702
0.86867654459337573,31.990550483739408
0.87001831904022731,31.990550483739408
0.87001831904022731,32.230732889688966
0.87066103815133089,32.230732889688966
0.87066103815133089,32.470915295638633
0.87133235433078204,32.470915295638633
0.87133235433078204,32.721340021671381
0.87200295558352381,32.721340021671381
0.87334473003037583,33.201935285772493
0.87401533128311759,33.201935285772493
0.87401533128311759,33.452360011805126
0.87465805039422162,33.452360011805126
0.87465805039422162,33.692542417754794
0.87532865164696383,33.692542417754794
0.87532865164696383,33.932724823704348
0.87734138480991164,33.932724823704348
0.87734138480991164,33.692542417754794
0.87801198606265385,33.692542417754794
0.87801198606265385,33.201960891572526
0.8786825873153965,33.201960891572526
0.8786825873153965,31.499917745956623
0.87932530642650009,31.259735340007069
0.87932530642650009,11.79635690921816
0.8786825873153965,11.065490553885525
0.8786825873153965,4.4976028005723947
0.87801198606265385,4.0070212743901266
0.87801198606265385,0.60293498315820671
0.87734138480991164,0.1223653248574692
0.87734138480991164,-1.5796778207584341
0.87667078355716987,-1.830102546791295
0.87667078355716987,-3.0415641662250441
0.87600018230442722,-3.2817465721744838
0.87600018230442722,-4.262935230339167
0.87532886612497651,-4.262935230339167
0.87532886612497651,-5.2340864148221726
0.8746582648722343,-5.2340864148221726
0.8746582648722343,-6.2052632051055525
0.87401554576113072,-6.2052632051055525
0.87401554576113072,-6.9361295604381894
0.87334494450838851,-6.9361295604381894
0.87334494450838851,-7.4166992187390406
0.8726743432556463,-7.4166992187390406
0.8726743432556463,-7.9073063507214556
0.87200374200290409,-7.9073063507214556
0.87200374200290409,-8.3978878769037237
0.87133314075016188,-8.3978878769037237
0.87133314075016188,-8.8784575352045749
0.87066182457071073,-8.8784575352045749
0.87066182457071073,-9.3690646671868762
0.87001910545960714,-9.3690646671868762
0.87001910545960714,-9.8596461933691444
0.86934850420686538,-10.099828599318698
0.86934850420686538,-10.340011005268366
0.86867790295412273,-10.590179673298962
0.86867790295412273,-10.830362079248404
0.86800730170138096,-10.830362079248404
0.86800730170138096,-11.310957343349514
0.86736458259027716,-11.310957343349514
0.86736458259027716,-11.561126011380225
0.86666609919589632,-11.561126011380225
0.86666609919589632,-11.801308417329778
0.86599549794315389,-12.041490823279332
0.86599549794315389,-12.291915549312192
0.86535277883205031,-12.291915549312192
0.86535277883205031,-12.532097955261634
0.86468217757930832,-12.532097955261634
0.86468217757930832,-12.772280361211417
0.86401157632656589,-12.772280361211417
0.86401157632656589,-13.012462767160857
0.86334097507382368,-13.012462767160857
0.86334097507382368,-13.262887493193602
0.8626982559627201,-13.50306989914327
0.86199977256833926,-13.50306989914327
0.86199977256833926,-13.743252305092824
0.86135705345723523,-13.743252305092824
0.86135705345723523,-13.993677031125683
0.86068573727778475,-13.993677031125683
0.85998725388340391,-14.233859437075241
0.85800254584743585,-14.233859437075241
0.85800254584743585,-14.474041843024681
0.85733194459469386,-14.474041843024681
0.85666134334195143,-14.714224248974348
0.8559900271625005,-14.714224248974348
0.8559900271625005,-14.964648975007094
0.85531942590975851,-14.964648975007094
0.85531942590975851,-15.204831380956762
0.85400560509721624,-15.204831380956762
0.85400560509721624,-15.445013786906316
0.85266383065036466,-15.445013786906316
0.85266383065036466,-15.695182454937026
0.85000508971345257,-15.696129869544508
0.85000508971345257,-15.936312275494174
0.84866331526660099,-15.936312275494174
0.84866331526660099,-16.176750739445879
0.84667860723063293,-16.176750739445879
0.84667860723063293,-16.416933145395546
0.84201027880829149,-16.416933145395546
0.84133896262884056,-16.66735787142818
0.83133141856073145,-16.66735787142818
0.83133141856073145,-16.416933145395546
0.82602015654927352,-16.416933145395546
0.82602015654927352,-16.176750739445879
0.82135182812693164,-16.176750739445879
0.82135182812693164,-15.936312275494174
0.81601261248116419,-15.936312275494174
0.81601261248116419,-16.176750739445879
0.81332906358746127,-16.176750739445879
0.81332906358746127,-15.936312275494174
0.81268634447635768,-15.936312275494174
0.81268634447635768,-16.176750739445879
0.80866094964313207,-16.176750739445879
0.80866094964313207,-15.936312275494174
0.8053343956676422,-15.936312275494174
0.8053343956676422,-16.176750739445879
0.80334968763167414,-16.176750739445879
0.80334968763167414,-16.416933145395546
0.80133695446872588,-16.416933145395546
0.80066635321598389,-16.176750739445879
0.79868164518001583,-16.176750739445879
0.79868164518001583,-16.416933145395546
0.79334242953424838,-16.416933145395546
0.79334071371014847,-16.66735787142818
0.78800149806438125,-16.66735787142818
0.78800149806438125,-16.416933145395546
0.78668760575916785,-16.416933145395546
0.78668760575916785,-16.66735787142818
0.78333316964203914,-16.66735787142818
0.78333316964203914,-16.416933145395546
0.78269045053093556,-16.416933145395546
0.78269045053093556,-16.176750739445879
0.77735123488516811,-16.176750739445879
0.77735123488516811,-16.416933145395546
0.77533857321489097,-16.416933145395546
0.77533857321489097,-16.176750739445879
0.77402475240234891,-16.176750739445879
0.77402475240234891,-16.416933145395546
0.77134113201597487,-16.416933145395546
0.77069841290487129,-16.176750739445879
0.76999992951049046,-16.176750739445879
0.76935721039938643,-15.936312275494174
0.76667359001301283,-15.936312275494174
0.76667359001301283,-16.176750739445879
0.76267614881409673,-16.176750739445879
0.76267614881409673,-15.936312275494174
0.76203342970299315,-15.936312275494174
0.76203342970299315,-16.176750739445879
0.75798008123545846,-16.176750739445879
0.75798008123545846,-15.936312275494174
0.74998527033029716,-15.936312275494174
0.74931466907755517,-15.696129869544508
0.74467429428952303,-15.696129869544508
0.74467429428952303,-15.44596120151391
0.73732234548080755,-15.44596120151391
0.73732234548080755,-15.205778795564356
0.73600852466826527,-15.205778795564356
0.73600852466826527,-15.44596120151391
0.73399586299798814,-15.44596120151391
0.73265079988827719,-15.44534666230868
0.73198019863553476,-15.205164256359126
0.7286536446600449,-15.205164256359126
0.7286536446600449,-15.44534666230868
0.72200060820173517,-15.44534666230868
0.72133000694899319,-15.205164256359126
0.71800345297350288,-15.205164256359126
0.71800345297350288,-15.44534666230868
0.71733285172076044,-15.44534666230868
0.71733285172076044,-15.205164256359126
0.71467725646136704,-15.205164256359126
0.71467725646136704,-15.44534666230868
0.70933796932292892,-15.44534666230868
0.70933796932292892,-15.205164256359126
0.69933042525481959,-15.205164256359126
0.69933042525481959,-14.964981850409572
0.69399120960905214,-14.964981850409572
0.69334849049794856,-14.714557124376825
0.68666750040532931,-14.714557124376825
0.68599689915258732,-14.474374718427271
0.68401211962394881,-14.474374718427271
0.68334151837120616,-14.234192312477605
0.68132885670092924,-14.234192312477605
0.68132885670092924,-13.994009906528049
0.67467574874994884,-13.994009906528049
0.67467303202845597,-13.742612160086992
0.67266037035817883,-13.742612160086992
0.67266037035817883,-13.502429754137324
0.66600733389986932,-13.502429754137324
0.66533673264712689,-13.262247348187771
0.66066840422478523,-13.262247348187771
0.66066840422478523,-13.011822622154909
0.65600007580244357,-13.011822622154909
0.65530087748135424,-12.771640216205356
0.65066057418599277,-12.771640216205356
0.65066057418599277,-12.531457810255915
0.64397951260070285,-12.531457810255915
0.64397951260070285,-12.291275404306248
0.64266569178816102,-12.291275404306248
0.64199509053541859,-12.0408506782735
0.63799764933650271,-12.0408506782735
0.63799764933650271,-11.800668272323833
0.6353140289501289,-11.800668272323833
0.6353140289501289,-11.560485866374281
0.63064570052778723,-11.560485866374281
0.63000298141668343,-11.310317198343569
0.62799031974640607,-11.310317198343569
0.62731971849366386,-11.070134792394017
0.6226513900713222,-11.070134792394017
0.6226513900713222,-10.829696328442424
0.6159982821203418,-10.829696328442424
0.6159982821203418,-10.589513922492642
0.61532768086759959,-10.589513922492642
0.61468260249835738,-10.588464084683665
0.61468260249835738,-10.338295416652954
0.61001427407601572,-10.338295416652954
0.61001427407601572,-10.098113010703514
0.60534594565367406,-10.098113010703514
0.60534594565367406,-9.8579306047539603
0.60000673000790661,-9.8579306047539603
0.5993361287551644,-9.6075058787210992
0.59533868755624852,-9.6075058787210992
0.59466808630350632,-9.3673234727715435
0.59201249104411269,-9.3673234727715435
0.59201249104411269,-9.1271410668218778
0.58533142945882299,-9.1271410668218778
0.58466082820608056,-8.8767163407891303
0.58200523294668693,-8.8767163407891303
0.58200523294668693,-8.6365339348396901
0.57468123777228097,-8.6365339348396901
0.57468123777228097,-8.3963515288899089
0.57199761738590715,-8.3963515288899089
0.57135489827480335,-8.1459268028572751
0.56668656985246169,-8.1459268028572751
0.56668656985246169,-7.9057443969076067
0.55997762612553337,-7.9057443969074939
0.55997762612553337,-7.66556199095794
0.55866380531299153,-7.66556199095794
0.55866380531299153,-7.4151372649250789
0.55665107215004328,-7.4151372649250789
0.55399333211052371,-7.413933792314765
0.55399333211052371,-7.1737513863652111
0.54932500368818205,-7.1737513863652111
0.54932500368818205,-6.9335689804156573
0.54666933693611752,-6.9335689804156573
0.54599873568337509,-6.6933865744659897
0.54133040726103365,-6.6933865744659897
0.54133040726103365,-6.4429618484332423
0.53864685836733073,-6.4429618484332423
0.53864685836733073,-6.2027794424835747
0.53397852994498907,-6.2027794424835747
0.53333581083388526,-5.9625970365340208
0.52866755390421449,-5.9625970365340208
0.52866755390421449,-5.712428368503538
0.52131560509549901,-5.712428368503538
0.52131560509549901,-5.4719899045517204
0.51600434308404108,-5.4719899045517204
0.51533374183129865,-5.2318074986021657
0.50798179302258295,-5.2318074986021657
0.50798179302258295,-4.9916250926524981
0.50065786934084811,-4.9916250926524981
0.50065786934084811,-4.7414564246219015
0.49666042814193201,-4.7414564246219015
0.490677420994998,-4.7405602216142597
0.490677420994998,-4.5003778156647058
0.48265458496285651,-4.5003778156647058
0.48265458496285651,-4.260195409715152
0.47533066128112139,-4.260195409715152
0.47533066128112139,-4.0097706836824045
0.46532307431740988,-4.0097706836824045
0.46532307431740988,-3.7695882777328502
0.45797116125502968,-3.7695882777328502
0.45730027403160389,-3.5294058717831831
0.4473206835978043,-3.5294058717831831
0.4473206835978043,-3.2789811457504361
0.4379840267531212,-3.2789811457504361
0.43731312523116078,-3.2786226645473562
0.43731312523116078,-3.0384402585978023
0.42464994300805592,-3.0384402585978023
0.42464994300805592,-2.7982578526482484
0.4039919069841873,-2.7982578526482484
0.4039919069841873,-2.5580754466985809
0.38132118069297299,-2.5580754466985809
0.38132118069297299,-2.3076507206659471
0.37866554253797702,-2.3076507206659471
0.33866326270571329,-2.3076507206659471
0.33799237548228778,-2.5580754466985809
0.32600008763187538,-2.5580754466985809
0.32532920040844959,-2.7982578526482484
0.32066087913537511,-2.7982578526482484
0.31998999191194932,-3.0384402585978023
0.31931910468852348,-3.0384402585978023
0.3133376846788824,-3.0396949428086373
0.31266679745545661,-3.2798773487583048
0.3106532993209305,-3.2798773487583048
0.30998241209750499,-3.5303020747909386
0.30531408367516311,-3.5303020747909386
0.30531408367516311,-3.7704844807404929
0.3026584526694342,-3.7704844807404929
0.3026584526694342,-4.01066688669016
0.29799012424709259,-4.01066688669016
0.29799012424709259,-4.2610916127229084
0.29533449324136352,-4.2610916127229084
0.29533449324136352,-4.501274018672575
0.29267885508636771,-4.501274018672575
0.29267885508636771,-4.7414564246221289
0.28999527044632911,-4.7414564246221289
0.28999527044632911,-4.9916250926526118
0.28733963229133308,-4.9916250926526118
0.28733963229133308,-5.2318074986022793
0.2853269420239874,-5.2318074986022793
0.28465605480056161,-5.4719899045518332
0.28334221254021852,-5.4719899045518332
0.28334221254021852,-5.7124283685036517
0.28132950797433848,-5.7124283685036517
0.28132950797433848,-5.9625970365342482
0.27800297544664948,-5.9625970365342482
0.27800297544664948,-6.2027794424838021
0.27666118670126377,-6.2027794424838021
0.27666118670126377,-6.4429618484334696
0.27534734444092041,-6.4429618484334696
0.27467645721749467,-6.6933865744661034
0.27333466132284201,-6.6933865744661034
0.27333466132284201,-6.933568980415771
0.27134991754053872,-6.933568980415771
0.27134991754053872,-7.1737513863653248
0.270008121645886,-7.1737513863653248
0.270008121645886,-7.4139337923148787
0.26799543137854043,-7.4139337923148787
0.26799543137854043,-7.6643585183477398
0.266681589118197,-7.6643585183477398
0.266681589118197,-7.9045409242972937
0.26533979322354462,-7.9045409242972937
0.26533979322354462,-8.1447233302469613
0.26466890600011878,-8.1447233302469613
0.26399801877669282,-8.395148056279595
0.26265622288204038,-8.395148056279595
0.26265622288204038,-8.6353304622292626
0.26067148624900383,-8.6353304622292626
0.26067148624900383,-8.8755128681788165
0.25997274548100813,-8.8790720744098053
0.25997274548100813,-9.1294968004425527
0.25865891036993188,-9.1294968004425527
0.25865891036993188,-9.3696792063922203
0.25731711447527877,-9.3696792063922203
0.25731711447527877,-9.6098616123417742
0.25533237784224289,-9.6098616123417742
0.25533237784224289,-9.8602863383745216
0.25399058194758978,-9.8602863383745216
0.25331969472416421,-10.100468744324075
0.2526488075007387,-10.100468744324075
0.2526488075007387,-10.340651150273629
0.25197792027731269,-10.340651150273629
0.25133498668819643,-10.59081981830434
0.25066409946477058,-10.59081981830434
0.25066409946477058,-10.831002224253892
0.24999321224134499,-10.831002224253892
0.24999321224134499,-11.071440688205712
0.24865141634669219,-11.071440688205712
0.24865141634669219,-11.311623094155266
0.247337581235616,-11.311623094155266
0.247337581235616,-11.561791762185749
0.24666669401219021,-11.561791762185749
0.24666669401219021,-11.801974168135416
0.2459958067887644,-11.801974168135416
0.24532491956533861,-12.04215657408497
0.2446540323419128,-12.04215657408497
0.2446540323419128,-12.292581300117831
0.24398314511848729,-12.292581300117831
0.24398314511848729,-12.532763706067383
0.2426693028581437,-12.532763706067383
0.2426693028581437,-12.772946112016941
0.24199841563471811,-12.772946112016941
0.24199841563471811,-13.013128517966608
0.24065661974006519,-13.013128517966608
0.24065661974006519,-13.26355324399924
0.23998573251663941,-13.26355324399924
0.2393148452932139,-13.503735649948908
0.2393148452932139,-13.743918055898462
0.2386719117040976,-13.743918055898462
0.23800102448067181,-13.994342781931325
0.2366592285860189,-14.474938046032319
0.23598834136259311,-14.474938046032319
0.23598834136259311,-14.715120451981988
0.2353174541391676,-14.715120451981988
0.2353174541391676,-14.965545178014622
0.23467452055005111,-14.965545178014622
0.23467452055005111,-15.205727583964176
0.2340036333266253,-15.205727583964176
0.2340036333266253,-15.445909989913844
0.23333274610319951,-15.445909989913844
0.23333274610319951,-15.69607865794444
0.23266185887977389,-15.69607865794444
0.23266185887977389,-15.936261063894108
0.23199097165634819,-15.936261063894108
0.23199097165634819,-16.416856327994992
0.2313200844329224,-16.416856327994992
0.2313200844329224,-16.667281054027853
0.23064919720949659,-16.667281054027853
0.23064919720949659,-16.907463459977407
0.23000626362038029,-17.157632128008117
0.23000626362038029,-17.397814533957671
0.2293353763969545,-17.397814533957671
0.2293353763969545,-17.648239259990532
0.228664489173529,-17.648239259990532
0.228664489173529,-18.128834524091417
0.22799360195010321,-18.128834524091417
0.22799360195010321,-18.619416050273685
0.22732271472667739,-18.619416050273685
0.22732271472667739,-19.099985708574536
0.22665182750325161,-19.099985708574536
0.22665182750325161,-19.590592840556951
0.22598094027982599,-19.830775246506505
0.22598094027982599,-20.321356772688659
0.2253380066907098,-20.321356772688659
0.2253380066907098,-20.81193829887081
0.22466711946728379,-20.81193829887081
0.22466711946728379,-21.292507957171665
0.22399623224385801,-21.53294642112337
0.22399623224385801,-21.78311508915408
0.22332534502043239,-22.023297495103638
0.22332534502043239,-22.513879021285788
0.2226544577970066,-22.513879021285788
0.2226544577970066,-22.99444867958664
0.22198357057358109,-22.99444867958664
0.22198357057358109,-23.485055811569051
0.2213406369844646,-23.485055811569051
0.2213406369844646,-24.215922166901692
0.22066974976103881,-24.215922166901692
0.22066974976103881,-24.946814128034475
0.21999886253761319,-24.946814128034475
0.21999886253761319,-25.667668615485809
0.21932797531418721,-25.917837283516519
0.21932797531418721,-26.648729244649303
0.21865708809076159,-26.888911650598857
0.21865708809076159,-27.619778005931494
0.21798620086733589,-27.619778005931494
0.21798620086733589,-28.350669967064281
0.21734326727821959,-28.590852373013831
0.21734326727821959,-29.081433899195986
0.21667238005479381,-29.081433899195986
0.21667238005479381,-29.812300254528623
0.21600149283136799,-29.812300254528623
0.21600149283136799,-30.533180347780217
0.2153306056079424,-30.533180347780217
0.2153306056079424,-31.26404670311274
0.2146597183845167,-31.26404670311274
0.2146597183845167,-32.235223493396006
0.21398883116109069,-32.235223493396006
0.21398883116109069,-33.456671374910911
0.21331794393766509,-33.456671374910911
0.21331794393766509,-34.427848165194177
0.2126750103485488,-34.668030571143731
0.2126750103485488,-35.649219229308301
0.21200412312512301,-35.649219229308301
0.21200412312512301,-36.620370413791306
0.2113332359016972,-36.620370413791306
0.2113332359016972,-37.591547204074573
0.21066234867827149,-37.591547204074573
0.21066234867827149,-38.562698388557578
0.2099914614548459,-38.562698388557578
0.2099914614548459,-39.543887046722261
0.20932057423142031,-39.543887046722261
0.20932057423142031,-40.515038231205267
0.20867764064230379,-40.755476695156858
0.20867764064230379,-41.726627879639977
0.20800675341887809,-41.726627879639977
0.20800675341887809,-42.457519840772761
0.2073358661954523,-42.697702246722322
0.2073358661954523,-43.188283772904583
0.20666497897202649,-43.428466178854023
0.20666497897202649,-43.919047705036292
0.2059940917486007,-43.919047705036292
0.2059940917486007,-44.409654837018593
0.20532320452517511,-44.409654837018593
0.20532320452517511,-44.890224495319558
0.20468027093605889,-45.130406901269112
0.20468027093605889,-45.620988427451273
0.2040093837126328,-45.620988427451273
0.2040093837126328,-46.111595559433567
0.20333849648920729,-46.351777965383242
0.20333849648920729,-46.842359491565283
0.20266760926578151,-46.842359491565283
0.20266760926578151,-47.322929149866241
0.20199672204235589,-47.322929149866241
0.20199672204235589,-47.813536281848542
0.20132583481892991,-47.813536281848542
0.20132583481892991,-48.053718687798209
0.20132509129515319,-48.299534369796106
0.2006821577060369,-48.549703037826816
0.2006821577060369,-48.789885443776477
0.20001127048261111,-48.789885443776477
0.20001127048261111,-49.270455102077335
0.19934038325918529,-49.270455102077335
0.19934038325918529,-49.76106223405975
0.19866949603575951,-49.76106223405975
0.19866949603575951,-50.251643760241791
0.197998608812334,-50.251643760241791
0.197998608812334,-50.491826166191458
0.19732772158890821,-50.491826166191458
0.19732772158890821,-50.732008572141012
0.1966568343654822,-50.732008572141012
0.1966568343654822,-51.222615704123314
0.19601390077636591,-51.222615704123314
0.19601390077636591,-51.462798110072981
0.19534301355294029,-51.462798110072981
0.19534301355294029,-51.702980516022535
0.1946721263295145,-51.702980516022535
0.1946721263295145,-52.19356204220469
0.1940012391060888,-52.19356204220469
0.1940012391060888,-52.684143568386851
0.19333035188266301,-52.684143568386851
0.19333035188266301,-53.164738832487963
0.19201650962231959,-53.164738832487963
0.19201650962231959,-52.924556426538402
0.19134562239889399,-52.924556426538402
0.19134562239889399,-52.684117962586697
0.19067473517546829,-52.684117962586697
0.19067473517546829,-52.433949294555987
0.1900038479520425,-52.433949294555987
0.18933296072861669,-52.684117962586697
0.18933296072861669,-52.924556426538402
0.1886620735051909,-52.924556426538402
0.1886620735051909,-53.415137952720443
0.18799118628176531,-53.65532035867011
0.18799118628176531,-53.895502764619664
0.18734825269264879,-53.895502764619664
0.18734825269264879,-54.386084290801818
0.18667736546922309,-54.386084290801818
0.18667736546922309,-54.626522754753523
0.1860064782457973,-54.626522754753523
0.1860064782457973,-54.866705160703077
0.18533559102237171,-54.866705160703077
0.18533559102237171,-55.116873828733787
0.1846647037989457,-55.116873828733787
0.1846647037989457,-55.357056234683341
0.18399381657552011,-55.357056234683341
0.18399381657552011,-55.597238640632895
0.1833508829864039,-55.597238640632895
0.1833508829864039,-56.08782016681505
0.18267999576297811,-56.08782016681505
0.18267999576297811,-56.328002572764603
0.18200910853955229,-56.328002572764603
0.18200910853955229,-56.818609704747018
0.18133822131612651,-56.818609704747018
0.18133822131612651,-57.058792110696572
0.18066733409270089,-57.058792110696572
0.18066733409270089,-57.549373636878727
0.1799964468692751,-57.549373636878727
0.1799964468692751,-57.789556042828281
0.1786822614441117,-57.789556042828281
0.1786822614441117,-58.029738448777948
0.17801137422068589,-58.029738448777948
0.17801137422068589,-58.270176912729653
0.17666957832603319,-58.270176912729653
0.17666957832603319,-58.52034558076025
0.17599869110260741,-58.52034558076025
0.17599869110260741,-58.760527986709803
0.1753278038791819,-58.760527986709803
0.1753278038791819,-59.000710392659471
0.17468487029006541,-59.000710392659471
0.17468487029006541,-59.250879060690181
0.17334307439541249,-59.250879060690181
0.17334307439541249,-59.491061466639735
0.17068744338968361,-59.491061466639735
0.1700165561662578,-59.731243872589289
0.16934566894283209,-59.731243872589289
0.16934566894283209,-59.981668598622043
0.16867478171940631,-59.981668598622043
0.16867478171940631,-60.221851004571697
0.16800389449598069,-60.221851004571697
0.16800389449598069,-60.462033410521258
0.16666210575059481,-60.462033410521258
0.16666210575059481,-60.702215816470812
0.16601917216147849,-60.702215816470812
0.16601917216147849,-60.462033410521258
0.1640063889536609,-60.462033410521258
0.1640063889536609,-60.702215816470812
0.16266459305900821,-60.702215816470812
0.16266459305900821,-60.952640542503673
0.16065190279166261,-60.952640542503673
0.16065190279166261,-61.192822948453113
0.15863921252431701,-61.192822948453113
0.15863921252431701,-61.433005354402781
0.15796832530089119,-61.433005354402781
0.15796832530089119,-61.683430080435528
0.1539708912512425,-61.683430080435528
0.1539708912512425,-61.433005354402781
0.15198615461820639,-61.433005354402781
0.15198615461820639,-61.683430080435528
0.1513152673947806,-61.683430080435528
0.1513152673947806,-61.923612486385203
0.15064438017135481,-61.923612486385203
0.15064438017135481,-62.163794892334749
0.15000144658223849,-62.403977298284303
0.15000144658223849,-62.654145966315014
0.14933055935881251,-62.654145966315014
0.14933055935881251,-62.894328372264567
0.14664697471877439,-62.894328372264567
0.14664697471877439,-63.384935504246982
0.1459760874953486,-63.384935504246982
0.1459760874953486,-64.115801859579506
0.14530520027192281,-64.115801859579506
0.14530520027192281,-65.086978649862772
0.1446622666828063,-65.327161055812326
0.1446622666828063,-66.548608937327231
0.1439913794593807,-66.548608937327231
0.1439913794593807,-67.760070556760979
0.143320492235955,-68.00025296271042
0.143320492235955,-69.462011279175954
0.14264960501252941,-69.702193685125621
0.14264960501252941,-71.404236830741524
0.1419787177891034,-71.654405498772235
0.1413357484536519,-73.367510350078305
0.1413357484536519,-74.588983837393357
0.14063690759591679,-74.829166243342911
0.14063690759591679,-76.531209388958814
0.1399939740068005,-76.771391794908368
0.1399939740068005,-77.99286528222342
0.13932308678337479,-78.473434940524271
0.13932308678337479,-80.175478086140288
0.13865219955994901,-80.415660492089842
0.13865219955994901,-83.098892295870314
0.13798131233652319,-83.339074701819868
0.13798131233652319,-86.502876163901192
0.1373383787474069,-86.743058569850746
0.1373383787474069,-89.906860031932183
0.13666749152398139,-90.157284757964817
0.13666749152398139,-92.830479088063839
0.1359966043005553,-93.070661494013393
0.1359966043005553,-95.503596600762194
0.13532571707712959,-95.743779006711861
0.13532571707712959,-98.427010810492106
0.134654829853704,-98.66719321644176
0.134654829853704,-100.85981788823985
0.13398394263027821,-101.1000002941895
0.13398394263027821,-103.53290979513793
0.1333130554068524,-104.01350505923904
0.1333130554068524,-106.69671125721936
0.13267012181773619,-107.17730652132047
0.13267012181773619,-110.10079754845106
0.1319992345943104,-110.34097995440072
0.1319992345943104,-112.7739150611493
0.13132834737088481,-113.01409746709884
0.13132834737088481,-114.96643730974654
0.1306574601474588,-115.20661971569621
0.1306574601474588,-116.90866286131212
0.12998657292403321,-117.15883152934282
0.12998657292403321,-118.37029314877655
0.12931568570060739,-118.37029314877655
0.12931568570060739,-119.34144433325946
0.1286727521114909,-119.59186905929232
0.1286727521114909,-120.32273541462484
0.12733095621683829,-120.32273541462484
0.12733095621683829,-119.34154675646027
0.12666006899341251,-119.10136435051072
0.12666006899341251,-117.63963163984556
0.12598918176998669,-117.39919317589386
0.12598918176998669,-115.45686520112748
0.1253182945465609,-114.96628367494532
0.1253182945465609,-112.04276704201448
0.1246474073231354,-111.80258463606479
0.1246474073231354,-108.87909360893424
0.12400447373401891,-108.39849834483311
0.12400447373401891,-105.7152921468528
0.1233335865105933,-105.23469688275181
0.1233335865105933,-101.83061059151989
0.1226626992871675,-101.5804419234894
0.1226626992871675,-98.426677935089401
0.1219918120637417,-97.936070803107
0.1219918120637417,-95.262876473008077
0.1213209248403159,-95.012707804977353
0.1213209248403159,-92.830069395260367
0.12065003761689019,-92.579900727229642
0.12065003761689019,-90.397287923312874
0.1199791503934646,-90.15710551736322
0.1199791503934646,-88.445050503866014
0.11933621680434831,-88.20486809791646
0.11933621680434831,-86.262540123150188
0.1186653295809223,-86.012115397117441
0.1186653295809223,-83.829502593200573
0.1179944423574965,-83.589320187251019
0.1179944423574965,-81.396695515452848
0.117323555134071,-81.156513109503294
0.117323555134071,-78.963862831905089
0.1166526679106452,-78.713694163874379
0.1166526679106452,-76.771366189107994
0.1159817806872194,-76.531183783158326
0.1159817806872194,-74.829140637542423
0.1153388470981031,-74.588958231592869
0.1153388470981031,-73.127199915127335
0.1146679598746773,-72.877031247096625
0.1146679598746773,-71.655557759781686
0.11399707265125179,-71.405389091750976
0.11399707265125179,-70.434237907267971
0.1133261854278258,-70.193799443316266
0.1133261854278258,-69.462933087983743
0.11265529820440021,-69.222750682034075
0.11265529820440021,-68.491858720901291
0.11198441098097441,-68.251676314951737
0.11198441098097441,-67.5208099596191
0.1113135237575486,-67.5208099596191
0.1113135237575486,-66.549633169335834
0.1106705901684321,-66.549633169335834
0.1106705901684321,-65.578481984852829
0.10999970294500661,-65.328313316822118
0.10999970294500661,-64.11685169738837
0.1093288157215808,-64.11685169738837
0.1093288157215808,-62.895378210073432
0.108657928498155,-62.655195804123757
0.108657928498155,-61.924329448791241
0.1079870412747292,-61.924329448791241
0.1079870412747292,-61.193437487658343
0.1073161540513034,-61.193437487658343
0.1073161540513034,-60.462571132325706
0.10667322046218709,-60.462571132325706
0.10667322046218709,-59.982001474024855
0.1060023332387614,-59.731576747992108
0.1060023332387614,-59.251007089691257
0.1053314460153358,-59.251007089691257
0.1053314460153358,-58.760425563508988
0.10466055879191,-58.520243157559548
0.10466055879191,-58.029636025577133
0.1039896715684842,-58.029636025577133
0.1039896715684842,-57.298769670244496
0.1033187843450584,-57.298769670244496
0.1033187843450584,-56.818200011943645
0.10264789712163259,-56.818200011943645
0.10264789712163259,-56.32759287996123
0.1020049635325164,-56.087410474011683
0.1020049635325164,-55.837241805980966
0.1013340763090908,-55.597059400031412
0.1013340763090908,-55.356876994081858
0.10066318908566479,-55.116694588132191
0.10066318908566479,-54.866525920101481
0.099992301862238994,-54.626343514151927
0.099992301862238994,-54.385905050200336
0.099321414638813499,-54.135480324167588
0.099321414638813499,-53.895297918217921
0.098650527415387698,-53.895297918217921
0.098650527415387698,-53.655115512268367
0.098007593826271194,-53.655115512268367
0.098007593826271194,-53.414933106318699
0.097336706602845602,-53.414933106318699
0.097336706602845602,-53.164764438287989
0.096665819379419801,-52.924582032338549
0.096665819379419801,-52.684143568386851
0.095994932155994001,-52.684143568386851
0.095994932155994001,-52.19356204220469
0.095324044932568297,-51.953379636255136
0.095324044932568297,-51.222513280922499
0.094681111343452001,-51.222513280922499
0.094681111343452001,-50.731906148940197
0.094010224120026395,-50.49172374299053
0.094010224120026395,-50.251541337040976
0.0933393368966004,-50.251541337040976
0.0933393368966004,-50.001372669010266
0.091326646629254798,-50.001372669010266
0.091326646629254798,-49.761190263060712
0.090654980135716795,-49.761190263060712
0.090654980135716795,-49.521007857111037
0.089984092912290994,-49.521007857111037
0.089984092912290994,-49.270583131078297
0.089341159323174699,-49.270583131078297
0.089341159323174699,-48.790013472777446
0.088670272099748898,-48.790013472777446
0.088670272099748898,-48.299431946595291
0.087999384876323403,-48.299431946595291
0.087999384876323403,-48.059249540645617
0.087328497652897394,-48.059249540645617
0.087328497652897394,-47.81906713469607
0.086014662541821205,-47.81906713469607
0.086014662541821205,-47.568642408663322
0.082660176379822897,-47.568642408663322
0.082660176379822897,-47.328460002713769
0.082660126334953093,-47.326795625699901
0.081346284074609906,-47.326795625699901
0.081346284074609906,-47.086613219750348
0.079333593807264305,-47.086613219750348
0.079333593807264305,-47.326795625699901
0.077991797912611599,-47.326795625699901
0.077991797912611599,-47.566978031649569
0.076007061279575294,-47.566978031649569
0.076007061279575294,-47.817402757682324
0.075336174056149702,-47.817402757682324
0.075336174056149702,-48.05758516363187
0.074665286832723998,-48.05758516363187
0.074665286832723998,-48.297767569581424
0.073994399609298198,-48.297767569581424
0.073994399609298198,-48.547936237612127
0.073323512385872605,-48.547936237612127
0.073323512385872605,-48.788118643561802
0.072680578796756101,-49.028301049511242
0.072680578796756101,-49.26848345546091
0.072009691573330301,-49.518908181493657
0.072009691573330301,-49.999477839794508
0.071338804349904805,-49.999477839794508
0.071338804349904805,-50.730344195127145
0.070667917126478796,-50.730344195127145
0.069997258679599994,-52.681762228967273
0.069997258679599994,-53.162357493068384
0.069326371456174193,-53.162357493068384
0.069326371456174193,-53.893223848400908
0.068683437867057995,-53.893223848400908
0.068683437867057995,-54.624115809533805
0.068012550643632194,-54.624115809533805
0.068012550643632194,-55.354982164866328
0.067341663420206394,-55.354982164866328
0.067341663420206394,-56.326133349349448
0.066670776196780607,-56.326133349349448
0.066670776196780607,-57.2973101396326
0.065999888973354806,-57.2973101396326
0.065999888973354806,-58.268486929915866
0.0653290017499292,-58.268486929915866
0.0653290017499292,-58.999353285248503
0.064686068160812696,-58.999353285248503
0.064686068160812696,-59.73021964058114
0.064015180937387006,-59.73021964058114
0.064015180937387006,-60.461111601713917
0.063344293713961206,-60.701294007663478
0.063344293713961206,-61.191875533845632
0.062673406490535599,-61.432057939795193
0.062673406490535599,-61.922665071777601
0.061974565632800502,-62.162847477727162
0.061974565632800502,-62.893713833059792
0.061331632043683998,-62.893713833059792
0.061331632043683998,-63.624605794192576
0.060660744820258197,-63.624605794192576
0.060660744820258197,-64.355472149525099
0.059989857596832501,-64.595654555474766
0.059989857596832501,-65.32654651660755
0.059318970373406901,-65.32654651660755
0.059318970373406901,-64.595654555474766
0.058648083149981101,-64.355472149525099
0.058648083149981101,-57.5472995670616
0.0579771959265553,-56.325826079746548
